old_url,new_url_or_404,status,note,checked_by
https://bexolutions.ch/treuhandburo/,https://www.bexolutions.ch/treuhaender,301,"Wayback 2026-05-14: ""Wie gut ist Ihr Treuhandbüro bei Google wirklich sichtbar?""",
https://bexolutions.ch/mehr-mandanten/,https://www.bexolutions.ch/treuhaender,301,"Wayback 2026-05-14: ""Mehr Mandanten für Ihr Treuhandbüro.""",
https://bexolutions.ch/casestudy/,https://www.bexolutions.ch/referenz-zofingen,301,"Wayback 2026-05-14: Zofingen Treuhand AG case study",
https://bexolutions.ch/uber-uns/,https://www.bexolutions.ch/ueber-uns,301,"Wayback 2026-05-14: ""Wir leben Marketing""",
https://bexolutions.ch/imprint/,https://www.bexolutions.ch/impressum,301,"Wayback 2021-10-22: Imprint / Impressum",
https://bexolutions.ch/impressum/,https://www.bexolutions.ch/impressum,301,Trailing slash only,
https://bexolutions.ch/datenschutz/,https://www.bexolutions.ch/datenschutz,301,Trailing slash only,
https://bexolutions.ch/datenschutzerklaerung/,https://www.bexolutions.ch/datenschutz,301,"Wayback 2024-12-04: Datenschutzerklaerung",
https://bexolutions.ch/privacy-policy-2/,https://www.bexolutions.ch/datenschutz,301,"Wayback 2026-05-14: Datenschutzerklärung",
https://bexolutions.ch/de/datenschutz/,https://www.bexolutions.ch/datenschutz,301,"Wayback 2021-10-22: Datenschutz (via /de prefix rule)",
https://bexolutions.ch/kontakt/,https://www.bexolutions.ch/kontakt,301,Trailing slash only,
https://bexolutions.ch/en/contact/,https://www.bexolutions.ch/kontakt,301,"Wayback 2025-08-08: Contact",
https://bexolutions.ch/leistungen/,https://www.bexolutions.ch/leistungen,301,Trailing slash only,
https://bexolutions.ch/de/bexolutions-gmbh-startseite/,https://www.bexolutions.ch/,301,"Wayback 2021-10-22: old homepage",
https://bexolutions.ch/blog/,https://www.bexolutions.ch/wissen,301,Blog index -> Wissen index,
https://bexolutions.ch/seo-fur-schweizer-kmu-praxisleitfaden-local-seo/,https://www.bexolutions.ch/wissen/seo-schweizer-kmu-einstiegsguide-2026,301,"Wayback 2026-06-08: ""SEO für Schweizer KMU – Praxisleitfaden & Local-SEO"" — general SEO guide, closest 1:1 is the Einstiegsguide (brief suggested Local SEO article as ""likely"")",
https://bexolutions.ch/google-unternehmensprofil-2026-optimierung-fur-schweizer-kmu/,https://www.bexolutions.ch/wissen/google-business-profile-optimieren,301,"Wayback 2026-05-19: Google Unternehmensprofil optimieren",
https://bexolutions.ch/so-maximieren-sie-ihre-online-sichtbarkeit-mit-dem-business-profil-boost-von-bexolutions/,https://www.bexolutions.ch/wissen/google-business-profile-optimieren,301,"Wayback 2025-03-16: Business Profil Boost",
https://bexolutions.ch/die-wichtigkeit-der-kundenrezensionen-und-wie-du-sie-fur-dich-nutzt/,https://www.bexolutions.ch/wissen/google-bewertungen-einfordern-kmu-schweiz,301,"Wayback 2024-09-08: Kundenrezensionen",
https://bexolutions.ch/de/,https://www.bexolutions.ch/,301,/de prefix removed (site is German-only),
https://bexolutions.ch/de/agb/,https://www.bexolutions.ch/agb,301 then 404,/de prefix rule strips prefix; /agb has no counterpart,
https://bexolutions.ch/de/beantragen/,https://www.bexolutions.ch/beantragen,301 then 404,/de prefix rule strips prefix; no counterpart,
https://bexolutions.ch/die-customer-journey/,404,404,Generic content; not rebuilt (per brief),
https://bexolutions.ch/der-marketing-mix/,404,404,Generic content; not rebuilt (per brief),
https://bexolutions.ch/5-tipps-fur-ein-effektives-online-marketing-im-mittelstand/,404,404,No clear 1:1 counterpart (strict mapping),
https://bexolutions.ch/ki-marketing-fur-schweizer-kmu-2026-praxisleitfaden/,404,404,Only loose match (GEO-Readiness); strict mapping,
https://bexolutions.ch/voice-search-seo-2026-leitfaden-fur-schweizer-kmu/,404,404,Only loose match (KI-Suchen ohne Klick); strict mapping,
https://bexolutions.ch/10-einfache-wege-wie-du-seo-im-marketing-einsetzen-kannst/,404,404,Only loose match (SEO-Einstiegsguide); strict mapping,
https://bexolutions.ch/9-einfache-moglichkeiten-seo-im-marketing-einzusetzen/,404,404,Only loose match (SEO-Einstiegsguide); strict mapping,
https://bexolutions.ch/marketing-automation-fur-schweizer-kmu-2026-tools-roi/,404,404,No counterpart,
https://bexolutions.ch/video-marketing-2026-fur-schweizer-kmu-praxisleitfaden/,404,404,No counterpart,
https://bexolutions.ch/employer-branding-fur-schweizer-kmu-fachkraftemangel-losen/,404,404,No counterpart,
https://bexolutions.ch/10-wirksame-marketingstrategien-fur-kleine-unternehmen/,404,404,Generic content,
https://bexolutions.ch/5-clevere-tipps-zur-namensfindung-fur-dein-startup-business/,404,404,Generic content,
https://bexolutions.ch/5-kleine-schritte-zum-erfolg-auf-social-media/,404,404,Generic content,
https://bexolutions.ch/aufrufe-zum-handeln-cta-gestalten-der-direkte-weg-zum-erfolg/,404,404,Generic content,
https://bexolutions.ch/das-marketing-geheimnis-das-ihnen-zu-mehr-kunden-verhilft/,404,404,Generic content,
https://bexolutions.ch/das-marketing-geheimnis-welches-dir-zu-mehr-kunden-verhelfen-wird/,404,404,Generic content,
https://bexolutions.ch/das-problem-definieren-der-kern-jeder-storybrand-strategie/,404,404,StoryBrand content,
https://bexolutions.ch/der-erfolg-von-storybrand-auf-linkedin-ihre-erfolgsgeschichte-beginnt-hier/,404,404,StoryBrand content,
https://bexolutions.ch/der-schlussel-zur-kundenbindung/,404,404,Generic content,
https://bexolutions.ch/die-kunst-des-storytellings-im-marketing-emotionale-bindungen-zu-deinem-publikum-schaffen/,404,404,Generic content,
https://bexolutions.ch/die-macht-des-influencer-marketings-tipps-und-tricks/,404,404,Generic content,
https://bexolutions.ch/die-wichtigsten-komponenten-eines-erfolgreichen-marketingplans/,404,404,Generic content,
https://bexolutions.ch/einen-klaren-weg-voraus-ein-souveraner-plan-zur-kundenbindung-entwickeln/,404,404,StoryBrand content,
https://bexolutions.ch/erstelle-eine-konversionsstarke-website-mit-storybrand/,404,404,StoryBrand content,
https://bexolutions.ch/farbpsychologie-im-marketing-wahle-die-richtige-palette/,404,404,Generic content,
https://bexolutions.ch/maximiere-den-roi-mit-facebook-ads-leitfaden-fur-beginner/,404,404,Generic content,
https://bexolutions.ch/uberwindung-der-handlungsparalyse-das-scheitern-klar-benennen/,404,404,StoryBrand content,
https://bexolutions.ch/visionen-des-erfolgs-die-transformative-kraft-ihrer-dienstleistung/,404,404,StoryBrand content,
https://bexolutions.ch/von-der-idee-zum-start-schritt-anleitung-zur-grundung-deines-unternehmens/,404,404,Generic content,
https://bexolutions.ch/von-flopp-zu-top-in-nur-12-wochen-mit-der-art-of-linkedin-masterclass/,404,404,Masterclass product page,
https://bexolutions.ch/warum-branding-fur-den-erfolg-deines-startups-wichtig-ist/,404,404,Generic content,
https://bexolutions.ch/was-du-uber-storybrand-framework-wissen-musst/,404,404,StoryBrand content,
https://bexolutions.ch/was-du-ueber-storybrand-framework-wissen-musst/,404,404,StoryBrand content,
https://bexolutions.ch/wie-du-dein-empathie-statement-erarbeiten-kannst/,404,404,StoryBrand content,
https://bexolutions.ch/wie-du-eine-starke-online-community-fur-deine-marke-aufbaust/,404,404,Generic content,
https://bexolutions.ch/wie-du-mehr-website-leads-generierst/,404,404,Generic content,
https://bexolutions.ch/wie-du-mehr-website-leads-generierst-2/,404,404,Generic content (duplicate),
https://bexolutions.ch/wie-man-eine-social-media-marketing-strategie-entwickelt/,404,404,Generic content,
https://bexolutions.ch/wie-man-mithilfe-von-storybrand-einen-blogbeitrag-schreibt/,404,404,StoryBrand content,
https://bexolutions.ch/wie-postkarten-dir-im-jahr-2023-bei-deiner-vermarktung-helfen/,404,404,Generic content,
https://bexolutions.ch/wie-sie-mit-der-storybrand-methode-muehelos-ueberzeugende-blogbeitraege-schreiben/,404,404,StoryBrand content,
https://bexolutions.ch/art-of-linkedin-masterclass/,404,404,Discontinued product,
https://bexolutions.ch/en/art-of-linkedin-masterclass/,404,404,Discontinued product,
https://bexolutions.ch/en/art-of-linkedin-masterclass-2/,404,404,Discontinued product,
https://bexolutions.ch/storybrand-workshop/,404,404,Discontinued workshop,
https://bexolutions.ch/story-brand-workshop-zurich/,404,404,Discontinued workshop,
https://bexolutions.ch/story-brand-workshop-registration-confirmation/,404,404,Discontinued workshop,
https://bexolutions.ch/en/storybrand-workshop/,404,404,Discontinued workshop,
https://bexolutions.ch/en/storybrand-workshop-2/,404,404,Discontinued workshop,
https://bexolutions.ch/storybrand-webseiten/,404,404,Discontinued service,
https://bexolutions.ch/marketing-de/,404,404,Old service hub; no 1:1 counterpart,
https://bexolutions.ch/marketing-de/foto-video/,404,404,Discontinued service,
https://bexolutions.ch/marketing-de/story-brand-webseiten/,404,404,Discontinued service,
https://bexolutions.ch/marketing-de/story-brand-workshops-de/,404,404,Discontinued workshop,
https://bexolutions.ch/foto-video/,404,404,Discontinued service,
https://bexolutions.ch/beste-marketingdienstleistungen/,404,404,No 1:1 counterpart,
https://bexolutions.ch/small-business-owners-marketing-academy/,404,404,Discontinued product,
https://bexolutions.ch/shop/,404,404,Old shop,
https://bexolutions.ch/cart/,404,404,Old shop,
https://bexolutions.ch/product/custom-roadmap-1-on-1-session/,404,404,Old shop,
https://bexolutions.ch/product/financial-training-for-business-owners/,404,404,Old shop,
https://bexolutions.ch/product/small-business-owners-marketing-academy/,404,404,Old shop,
https://bexolutions.ch/product-category/uncategorized/,404,404,Old shop,
https://bexolutions.ch/affiliate-area/,404,404,Old system page,
https://bexolutions.ch/anmelden/,404,404,Old system page,
https://bexolutions.ch/apply/,404,404,Old system page,
https://bexolutions.ch/beantragen/,404,404,Old system page,
https://bexolutions.ch/control-panel/,404,404,Old system page,
https://bexolutions.ch/agb/,404,404,No AGB page on new site,
https://bexolutions.ch/faq/,404,404,No standalone FAQ page,
https://bexolutions.ch/rechtliche-warnung/,404,404,No counterpart,
https://bexolutions.ch/privacy-policy-tc/,404,404,No counterpart,
https://bexolutions.ch/geschaftliche-bewertung/,404,404,Old form,
https://bexolutions.ch/kunden-feedback/,404,404,Old form,
https://bexolutions.ch/workshop-feedback/,404,404,Old form,
https://bexolutions.ch/fragebogen-fuer-die-erstellung-eines-marketing-und-verkaufskonzepts/,404,404,Old form,
https://bexolutions.ch/questionnaire-cold/,404,404,Old form,
https://bexolutions.ch/questionnaire-warm/,404,404,Old form,
https://bexolutions.ch/marketing-resources/,404,404,Old resources page,
https://bexolutions.ch/marketing-ressourcen/,404,404,Old resources page,
https://bexolutions.ch/financial-training/flowstep/checkout-fin-training-1/,404,404,Old funnel,
https://bexolutions.ch/sboma-finance/flowstep/checkout-108-finances/,404,404,Old funnel,
https://bexolutions.ch/sboma-main/flowstep/checkout-108-2/,404,404,Old funnel,
https://bexolutions.ch/sboma-main/flowstep/thank-you-2/,404,404,Old funnel,
https://bexolutions.ch/small-business-owners-marketing-academy-oct-promo-108/flowstep/thank-you/,404,404,Old funnel,
https://bexolutions.ch/animation-test/,404,404,Test page,
https://bexolutions.ch/animation-test-2/,404,404,Test page,
https://bexolutions.ch/animation-test-3/,404,404,Test page,
https://bexolutions.ch/testing-page/,404,404,Test page,
https://bexolutions.ch/sample-page/,404,404,WordPress default page,
https://bexolutions.ch/prep/,404,404,Test page,
https://bexolutions.ch/wrong/,404,404,Test page,
https://bexolutions.ch/link/,404,404,Old link page,
https://bexolutions.ch/en/,404,404,No English version,
https://bexolutions.ch/2025/10/23/,404,404,WordPress date archive,
https://bexolutions.ch/2025/11/04/,404,404,WordPress date archive,
https://bexolutions.ch/tag/*,404,404,WordPress system URL,
https://bexolutions.ch/category/*,404,404,WordPress system URL,
https://bexolutions.ch/wp-content/*,404,404,WordPress system URL,
